-- phpMyAdmin SQL Dump
-- version 4.8.3
-- https://www.phpmyadmin.net/
--
-- Host: localhost:3306
-- Generation Time: Mar 12, 2019 at 09:05 AM
-- Server version: 10.2.21-MariaDB
-- PHP Version: 7.2.7

SET SQL_MODE = "NO_AUTO_VALUE_ON_ZERO";
SET AUTOCOMMIT = 0;
START TRANSACTION;
SET time_zone = "+00:00";


/*!40101 SET @OLD_CHARACTER_SET_CLIENT=@@CHARACTER_SET_CLIENT */;
/*!40101 SET @OLD_CHARACTER_SET_RESULTS=@@CHARACTER_SET_RESULTS */;
/*!40101 SET @OLD_COLLATION_CONNECTION=@@COLLATION_CONNECTION */;
/*!40101 SET NAMES utf8mb4 */;

--
-- Database: `u7039630_appkasir`
--

-- --------------------------------------------------------

--
-- Table structure for table `barang`
--

CREATE TABLE `barang` (
  `barang_id` varchar(10) NOT NULL,
  `barang_nama` varchar(200) NOT NULL,
  `kategori_id` int(11) NOT NULL,
  `jumlah_stok` int(11) NOT NULL,
  `harga` double NOT NULL
) ENGINE=InnoDB DEFAULT CHARSET=latin1;

--
-- Dumping data for table `barang`
--

INSERT INTO `barang` (`barang_id`, `barang_nama`, `kategori_id`, `jumlah_stok`, `harga`) VALUES
('a', 'Freshcare', 3, 5, 15000),
('b', 'Aqua', 2, 100, 500),
('k001', 'Kopi Nescafe', 1, 10, 2000),
('k002', 'Kitkat', 1, 5, 5000);

-- --------------------------------------------------------

--
-- Table structure for table `kasir`
--

CREATE TABLE `kasir` (
  `username` varchar(200) NOT NULL,
  `passwd` varchar(255) NOT NULL,
  `nama` varchar(200) NOT NULL
) ENGINE=MyISAM DEFAULT CHARSET=latin1;

-- --------------------------------------------------------

--
-- Table structure for table `kategori`
--

CREATE TABLE `kategori` (
  `kategori_id` int(11) NOT NULL,
  `kategori_nama` varchar(200) NOT NULL
) ENGINE=InnoDB DEFAULT CHARSET=latin1;

-- --------------------------------------------------------

--
-- Table structure for table `penjualan`
--

CREATE TABLE `penjualan` (
  `penjualan_id` int(11) NOT NULL,
  `waktu` timestamp NOT NULL DEFAULT current_timestamp(),
  `kasir_id` int(11) NOT NULL,
  `status_transaksi` tinyint(4) NOT NULL
) ENGINE=InnoDB DEFAULT CHARSET=latin1;

--
-- Dumping data for table `penjualan`
--

INSERT INTO `penjualan` (`penjualan_id`, `waktu`, `kasir_id`, `status_transaksi`) VALUES
(1, '2019-03-07 08:08:56', 0, 0),
(2, '2019-03-07 08:09:18', 2, 0),
(3, '2019-03-07 08:20:11', 0, 0),
(4, '2019-03-07 08:21:31', 0, 0),
(5, '2019-03-07 08:24:14', 2, 0),
(6, '2019-03-07 08:24:29', 0, 0),
(7, '2019-03-07 08:27:11', 0, 0),
(8, '2019-03-07 08:27:30', 10, 0),
(9, '2019-03-07 08:40:12', 0, 0),
(10, '2019-03-07 08:40:15', 0, 0),
(11, '2019-03-07 08:40:17', 0, 0),
(12, '2019-03-07 08:40:46', 10, 0),
(13, '2019-03-07 08:45:44', 10, 0),
(14, '2019-03-07 08:45:59', 10, 0),
(15, '2019-03-07 08:46:32', 10, 0),
(16, '2019-03-07 08:47:41', 10, 0),
(17, '2019-03-07 08:50:42', 10, 0),
(18, '2019-03-07 09:05:29', 10, 0),
(19, '2019-03-07 09:06:22', 10, 0),
(20, '2019-03-07 09:06:33', 10, 0),
(21, '2019-03-07 09:07:22', 10, 0),
(22, '2019-03-07 12:55:04', 10, 0),
(23, '2019-03-07 12:55:08', 10, 0),
(24, '2019-03-07 12:56:33', 10, 0),
(25, '2019-03-07 13:22:41', 10, 0),
(26, '2019-03-07 13:23:21', 10, 0),
(27, '2019-03-07 13:23:44', 10, 0),
(28, '2019-03-07 13:24:32', 10, 0),
(29, '2019-03-07 13:25:10', 10, 0),
(30, '2019-03-07 13:25:28', 10, 0),
(31, '2019-03-07 13:26:47', 10, 0),
(32, '2019-03-07 13:27:12', 10, 0),
(33, '2019-03-07 13:28:10', 10, 0),
(34, '2019-03-07 13:28:27', 10, 0),
(35, '2019-03-07 13:29:35', 10, 0),
(36, '2019-03-07 13:30:35', 10, 0),
(37, '2019-03-07 13:31:07', 10, 0),
(38, '2019-03-07 13:32:00', 10, 0),
(39, '2019-03-07 13:32:39', 10, 0),
(40, '2019-03-07 13:33:47', 10, 0),
(41, '2019-03-07 13:34:21', 10, 0),
(42, '2019-03-07 13:35:26', 10, 0),
(43, '2019-03-07 13:38:01', 10, 0),
(44, '2019-03-07 13:38:53', 10, 0),
(45, '2019-03-07 13:38:59', 10, 0),
(46, '2019-03-07 13:45:09', 10, 0),
(47, '2019-03-07 13:46:01', 10, 0),
(48, '2019-03-07 13:51:02', 10, 0),
(49, '2019-03-07 13:51:23', 10, 0),
(50, '2019-03-07 13:52:40', 10, 0),
(51, '2019-03-07 13:52:59', 10, 0),
(52, '2019-03-07 13:54:23', 10, 0),
(53, '2019-03-07 13:55:28', 10, 0),
(54, '2019-03-07 13:56:59', 10, 0),
(55, '2019-03-07 13:59:20', 10, 0),
(56, '2019-03-07 14:00:03', 10, 0),
(57, '2019-03-07 14:03:07', 10, 0),
(58, '2019-03-07 14:03:23', 10, 0),
(59, '2019-03-07 14:03:38', 10, 0),
(60, '2019-03-07 14:04:19', 10, 0),
(61, '2019-03-07 14:07:14', 10, 0),
(62, '2019-03-07 14:08:44', 10, 0),
(63, '2019-03-07 14:10:43', 10, 0),
(64, '2019-03-07 14:11:01', 10, 0),
(65, '2019-03-07 14:11:23', 10, 0),
(66, '2019-03-07 14:11:57', 10, 0),
(67, '2019-03-07 14:14:43', 10, 0),
(68, '2019-03-07 14:15:19', 10, 0),
(69, '2019-03-07 14:15:40', 10, 0),
(70, '2019-03-07 14:15:55', 10, 0),
(71, '2019-03-07 14:16:38', 10, 0),
(72, '2019-03-07 14:17:17', 10, 0),
(73, '2019-03-07 14:18:10', 10, 0),
(74, '2019-03-07 14:18:38', 10, 0),
(75, '2019-03-07 14:20:02', 10, 0),
(76, '2019-03-07 14:20:18', 10, 0),
(77, '2019-03-07 14:20:36', 10, 0),
(78, '2019-03-07 14:29:15', 10, 0),
(79, '2019-03-07 14:30:35', 10, 0),
(80, '2019-03-07 14:30:55', 10, 0),
(81, '2019-03-07 14:31:29', 10, 0),
(82, '2019-03-07 14:32:39', 10, 0),
(83, '2019-03-07 14:33:29', 10, 0),
(84, '2019-03-07 14:34:50', 10, 0),
(85, '2019-03-07 14:35:42', 10, 0),
(86, '2019-03-07 14:42:11', 10, 0),
(87, '2019-03-07 14:43:15', 10, 0),
(88, '2019-03-07 14:44:34', 10, 0),
(89, '2019-03-07 14:45:30', 10, 0),
(90, '2019-03-07 14:46:02', 10, 0),
(91, '2019-03-07 14:53:01', 10, 0),
(92, '2019-03-07 14:55:46', 10, 0),
(93, '2019-03-07 14:57:10', 10, 0),
(94, '2019-03-07 14:58:27', 10, 0),
(95, '2019-03-07 14:59:02', 10, 0),
(96, '2019-03-07 14:59:33', 10, 0),
(97, '2019-03-07 14:59:52', 10, 0),
(98, '2019-03-07 15:00:51', 10, 0),
(99, '2019-03-07 15:01:21', 10, 0),
(100, '2019-03-07 15:01:37', 10, 0),
(101, '2019-03-07 15:01:58', 10, 0),
(102, '2019-03-07 15:02:59', 10, 0),
(103, '2019-03-07 15:14:18', 0, 0),
(104, '2019-03-07 15:16:49', 0, 0),
(105, '2019-03-07 15:17:07', 0, 0),
(106, '2019-03-07 15:18:00', 11, 0),
(107, '2019-03-07 15:21:33', 11, 0),
(108, '2019-03-07 15:22:00', 11, 0),
(109, '2019-03-07 15:22:37', 11, 0),
(110, '2019-03-07 15:24:31', 11, 0),
(111, '2019-03-07 15:26:45', 11, 0),
(112, '2019-03-07 15:28:16', 11, 0),
(113, '2019-03-07 15:31:54', 11, 0),
(114, '2019-03-07 15:33:43', 11, 0),
(115, '2019-03-07 15:34:04', 11, 0),
(116, '2019-03-07 15:36:00', 11, 0),
(117, '2019-03-07 15:36:48', 11, 0),
(118, '2019-03-07 15:38:12', 11, 0),
(119, '2019-03-07 15:39:13', 11, 0),
(120, '2019-03-07 15:40:53', 11, 0),
(121, '2019-03-07 15:41:07', 11, 0),
(122, '2019-03-07 15:41:48', 11, 0),
(123, '2019-03-07 15:42:10', 11, 0),
(124, '2019-03-07 15:42:28', 11, 0),
(125, '2019-03-07 15:45:30', 11, 0),
(126, '2019-03-07 15:46:04', 11, 0),
(127, '2019-03-07 15:46:21', 11, 0),
(128, '2019-03-07 15:47:07', 11, 0),
(129, '2019-03-07 15:53:14', 11, 0),
(130, '2019-03-07 15:54:39', 11, 0),
(131, '2019-03-08 04:24:10', 11, 0),
(132, '2019-03-08 04:38:20', 11, 0),
(133, '2019-03-08 04:44:09', 11, 0),
(134, '2019-03-08 04:47:10', 11, 0),
(135, '2019-03-08 04:53:42', 11, 0),
(136, '2019-03-08 04:54:33', 11, 0),
(137, '2019-03-08 04:55:38', 11, 0),
(138, '2019-03-08 04:57:57', 11, 0),
(139, '2019-03-08 04:58:42', 11, 0),
(140, '2019-03-08 04:59:41', 11, 0),
(141, '2019-03-08 05:00:31', 11, 0),
(142, '2019-03-08 05:01:04', 11, 0),
(143, '2019-03-08 05:01:24', 11, 0),
(144, '2019-03-08 05:02:11', 11, 0),
(145, '2019-03-08 05:03:21', 11, 0),
(146, '2019-03-08 05:03:46', 11, 0),
(147, '2019-03-08 05:04:09', 11, 0),
(148, '2019-03-08 05:09:11', 11, 0),
(149, '2019-03-08 05:10:19', 11, 0),
(150, '2019-03-08 05:22:16', 11, 0),
(151, '2019-03-08 05:24:53', 11, 0),
(152, '2019-03-08 05:26:38', 11, 0),
(153, '2019-03-08 05:28:28', 11, 0),
(154, '2019-03-08 05:29:44', 11, 0),
(155, '2019-03-08 05:31:51', 11, 0),
(156, '2019-03-08 05:32:59', 11, 0),
(157, '2019-03-08 07:17:03', 11, 0),
(158, '2019-03-08 07:19:25', 11, 0),
(159, '2019-03-08 07:21:12', 11, 0),
(160, '2019-03-08 07:26:09', 11, 0),
(161, '2019-03-08 07:54:11', 11, 0),
(162, '2019-03-08 07:56:10', 11, 0),
(163, '2019-03-08 08:02:21', 11, 0),
(164, '2019-03-08 08:03:19', 11, 0),
(165, '2019-03-08 08:06:17', 11, 0),
(166, '2019-03-08 08:07:08', 11, 0),
(167, '2019-03-08 08:09:28', 11, 0),
(168, '2019-03-08 08:10:35', 11, 0),
(169, '2019-03-08 08:13:27', 11, 0),
(170, '2019-03-08 08:14:07', 11, 0),
(171, '2019-03-08 08:16:41', 11, 0),
(172, '2019-03-08 08:18:13', 11, 0),
(173, '2019-03-08 08:20:42', 11, 0),
(174, '2019-03-08 08:23:32', 11, 0),
(175, '2019-03-08 08:24:39', 11, 0),
(176, '2019-03-08 08:26:43', 11, 0),
(177, '2019-03-08 08:29:00', 11, 0),
(178, '2019-03-08 08:31:27', 11, 0),
(179, '2019-03-08 08:35:48', 11, 0),
(180, '2019-03-08 08:45:27', 11, 0),
(181, '2019-03-08 08:46:32', 11, 0),
(182, '2019-03-08 08:49:32', 11, 0),
(183, '2019-03-08 08:50:17', 11, 0),
(184, '2019-03-08 08:53:16', 11, 0),
(185, '2019-03-08 08:54:05', 11, 0),
(186, '2019-03-08 08:59:51', 11, 0),
(187, '2019-03-08 09:00:06', 11, 0),
(188, '2019-03-08 09:03:58', 11, 0),
(189, '2019-03-08 09:05:12', 11, 0),
(190, '2019-03-08 09:05:57', 11, 0),
(191, '2019-03-08 09:09:31', 11, 0),
(192, '2019-03-08 09:10:10', 11, 0),
(193, '2019-03-08 09:12:24', 11, 0),
(194, '2019-03-08 09:12:48', 11, 0),
(195, '2019-03-08 09:14:56', 11, 0),
(196, '2019-03-08 12:39:15', 11, 0),
(197, '2019-03-08 12:40:08', 11, 0),
(198, '2019-03-08 12:43:27', 11, 0),
(199, '2019-03-08 12:44:20', 11, 0),
(200, '2019-03-08 12:46:47', 11, 0),
(201, '2019-03-08 12:54:02', 11, 0),
(202, '2019-03-08 12:54:15', 11, 0),
(203, '2019-03-08 12:56:46', 11, 0),
(204, '2019-03-08 12:58:04', 11, 0),
(205, '2019-03-08 12:58:32', 11, 0),
(206, '2019-03-08 12:59:35', 11, 0),
(207, '2019-03-08 13:01:50', 11, 0),
(208, '2019-03-08 13:02:23', 11, 0),
(209, '2019-03-08 13:03:11', 11, 0),
(210, '2019-03-08 13:06:00', 11, 0),
(211, '2019-03-08 13:07:02', 11, 0),
(212, '2019-03-08 13:07:34', 11, 0),
(213, '2019-03-08 13:08:22', 11, 0),
(214, '2019-03-08 13:08:54', 11, 0),
(215, '2019-03-08 13:10:10', 11, 0),
(216, '2019-03-08 13:19:44', 11, 0),
(217, '2019-03-08 13:20:26', 11, 0),
(218, '2019-03-09 02:26:34', 11, 0),
(219, '2019-03-09 02:27:33', 11, 0),
(220, '2019-03-09 02:32:42', 11, 0),
(221, '2019-03-09 02:35:52', 11, 0),
(222, '2019-03-09 02:40:03', 11, 0),
(223, '2019-03-09 02:42:51', 11, 0),
(224, '2019-03-09 02:43:18', 11, 0),
(225, '2019-03-09 02:51:04', 11, 0),
(226, '2019-03-09 02:52:31', 11, 0),
(227, '2019-03-09 03:04:38', 11, 0),
(228, '2019-03-09 03:08:07', 11, 0),
(229, '2019-03-09 03:10:45', 11, 0),
(230, '2019-03-09 03:12:06', 11, 0),
(231, '2019-03-09 05:32:29', 11, 0),
(232, '2019-03-09 05:34:25', 11, 0),
(233, '2019-03-09 05:51:07', 11, 0),
(234, '2019-03-09 05:51:54', 11, 0),
(235, '2019-03-09 06:05:32', 0, 0),
(236, '2019-03-09 06:07:40', 0, 0),
(237, '2019-03-09 06:08:24', 19, 0),
(238, '2019-03-09 06:12:57', 11, 0),
(239, '2019-03-09 06:13:25', 11, 0),
(240, '2019-03-09 06:16:32', 11, 0),
(241, '2019-03-09 06:18:04', 11, 0),
(242, '2019-03-09 06:21:23', 11, 0),
(243, '2019-03-09 06:21:50', 11, 3),
(244, '2019-03-09 06:23:38', 11, 2),
(245, '2019-03-09 07:56:29', 11, 0),
(246, '2019-03-09 08:00:11', 11, 0),
(247, '2019-03-09 08:00:17', 11, 0),
(248, '2019-03-09 08:00:55', 11, 1),
(249, '2019-03-09 13:06:11', 11, 0),
(250, '2019-03-09 13:13:27', 11, 0),
(251, '2019-03-09 13:17:28', 11, 0),
(252, '2019-03-09 13:17:50', 11, 0),
(253, '2019-03-09 13:19:52', 11, 0),
(254, '2019-03-09 13:22:34', 11, -1),
(255, '2019-03-09 13:24:06', 11, 0),
(256, '2019-03-09 13:24:41', 11, 0),
(257, '2019-03-09 13:26:10', 11, 0),
(258, '2019-03-09 13:26:35', 11, 0),
(259, '2019-03-09 13:28:48', 11, 0),
(260, '2019-03-09 13:29:02', 11, 1),
(261, '2019-03-09 13:31:03', 11, 0),
(262, '2019-03-09 13:31:26', 11, 0),
(263, '2019-03-09 13:31:45', 11, 0),
(264, '2019-03-09 13:32:05', 11, 0),
(265, '2019-03-09 13:32:23', 11, -1),
(266, '2019-03-09 13:32:41', 11, 0),
(267, '2019-03-09 13:32:56', 11, 0),
(268, '2019-03-09 13:33:36', 11, 0),
(269, '2019-03-09 13:33:44', 11, 0),
(270, '2019-03-09 13:33:49', 11, 0),
(271, '2019-03-09 13:37:07', 11, 0),
(272, '2019-03-09 13:37:23', 11, 0),
(273, '2019-03-09 13:39:30', 11, 0),
(274, '2019-03-09 13:40:16', 11, 0),
(275, '2019-03-09 13:40:38', 11, 1),
(276, '2019-03-09 13:41:41', 11, 0),
(277, '2019-03-09 13:42:12', 11, 0),
(278, '2019-03-09 13:42:42', 11, 0),
(279, '2019-03-09 13:43:12', 11, 0),
(280, '2019-03-09 13:43:52', 11, 0),
(281, '2019-03-09 13:44:25', 11, 0),
(282, '2019-03-09 13:44:43', 11, 0),
(283, '2019-03-09 13:46:22', 11, 0),
(284, '2019-03-09 13:46:51', 11, 0),
(285, '2019-03-09 13:48:46', 11, 0),
(286, '2019-03-09 13:50:01', 11, 0),
(287, '2019-03-09 13:51:04', 11, 0),
(288, '2019-03-09 13:52:01', 11, 0),
(289, '2019-03-09 13:52:36', 11, 0),
(290, '2019-03-09 13:52:58', 11, 0),
(291, '2019-03-09 13:53:57', 11, 0),
(292, '2019-03-09 13:54:28', 11, 0),
(293, '2019-03-09 13:55:16', 11, 0),
(294, '2019-03-09 13:55:35', 11, 0),
(295, '2019-03-09 13:55:52', 11, 0),
(296, '2019-03-09 13:56:13', 11, 0),
(297, '2019-03-09 13:56:30', 11, 0),
(298, '2019-03-09 13:56:54', 11, 0),
(299, '2019-03-09 13:58:39', 11, 0),
(300, '2019-03-09 13:59:30', 11, 0),
(301, '2019-03-09 14:01:07', 11, 0),
(302, '2019-03-09 14:01:54', 11, 0),
(303, '2019-03-09 14:03:46', 11, 0),
(304, '2019-03-09 14:05:36', 11, 0),
(305, '2019-03-09 14:05:52', 11, 0),
(306, '2019-03-09 14:09:35', 11, 0),
(307, '2019-03-09 14:10:09', 11, 0),
(308, '2019-03-09 14:10:57', 11, 0),
(309, '2019-03-09 14:11:41', 11, 0),
(310, '2019-03-09 14:12:16', 11, 0),
(311, '2019-03-09 14:13:01', 11, 0),
(312, '2019-03-09 14:13:32', 11, 0),
(313, '2019-03-09 14:14:10', 11, 0),
(314, '2019-03-09 14:14:34', 11, 0),
(315, '2019-03-09 14:14:54', 11, 0),
(316, '2019-03-09 14:15:52', 11, 0),
(317, '2019-03-09 14:16:12', 11, 0),
(318, '2019-03-09 14:17:06', 11, 0),
(319, '2019-03-09 14:18:01', 11, 0),
(320, '2019-03-09 14:20:09', 11, 0),
(321, '2019-03-09 14:21:46', 11, 0),
(322, '2019-03-09 14:22:22', 11, 0),
(323, '2019-03-09 14:24:24', 11, 0),
(324, '2019-03-09 14:24:56', 11, 0),
(325, '2019-03-09 14:27:19', 11, 0),
(326, '2019-03-09 14:28:34', 11, 0),
(327, '2019-03-09 14:29:20', 11, 0),
(328, '2019-03-09 14:29:42', 11, 0),
(329, '2019-03-09 14:30:13', 11, 0),
(330, '2019-03-09 14:30:50', 11, 0),
(331, '2019-03-09 14:31:06', 11, 0),
(332, '2019-03-09 14:31:36', 11, 0),
(333, '2019-03-09 14:31:45', 11, 0),
(334, '2019-03-09 14:32:51', 11, 0),
(335, '2019-03-09 14:33:15', 11, 0),
(336, '2019-03-09 14:33:31', 11, 0),
(337, '2019-03-09 14:33:46', 11, 0),
(338, '2019-03-09 14:34:23', 11, 0),
(339, '2019-03-09 14:35:31', 11, 0),
(340, '2019-03-09 14:35:46', 11, 0),
(341, '2019-03-09 14:36:04', 11, 0),
(342, '2019-03-09 14:36:40', 11, 0),
(343, '2019-03-09 14:37:09', 11, 0),
(344, '2019-03-09 14:37:25', 11, 0),
(345, '2019-03-09 14:37:41', 11, 0),
(346, '2019-03-09 14:38:17', 11, 0),
(347, '2019-03-09 14:38:33', 11, 0),
(348, '2019-03-09 14:38:58', 11, 0),
(349, '2019-03-09 14:39:18', 11, 0),
(350, '2019-03-09 14:39:34', 11, 0),
(351, '2019-03-09 14:39:49', 11, 0),
(352, '2019-03-09 14:40:43', 11, 0),
(353, '2019-03-09 14:41:00', 11, 0),
(354, '2019-03-09 14:41:16', 11, 0),
(355, '2019-03-09 14:43:04', 11, 0),
(356, '2019-03-09 14:43:40', 11, 0),
(357, '2019-03-09 14:44:25', 11, 0),
(358, '2019-03-09 14:44:45', 11, 0),
(359, '2019-03-09 14:45:32', 11, 0),
(360, '2019-03-09 14:45:52', 11, 0),
(361, '2019-03-09 14:46:08', 11, 0),
(362, '2019-03-09 14:46:16', 11, 0),
(363, '2019-03-09 14:46:33', 11, 0),
(364, '2019-03-09 14:46:48', 11, 0),
(365, '2019-03-09 14:47:05', 11, 0),
(366, '2019-03-09 14:47:36', 11, 0),
(367, '2019-03-09 14:49:41', 11, 0),
(368, '2019-03-09 14:50:28', 11, 0),
(369, '2019-03-09 14:50:43', 11, 0),
(370, '2019-03-09 14:51:29', 11, 0),
(371, '2019-03-09 14:52:25', 11, 0),
(372, '2019-03-09 14:53:27', 11, 0),
(373, '2019-03-09 14:53:54', 11, 0),
(374, '2019-03-09 14:54:43', 11, 0),
(375, '2019-03-09 14:55:24', 11, 0),
(376, '2019-03-09 14:56:52', 11, 0),
(377, '2019-03-09 14:57:23', 11, 0),
(378, '2019-03-09 14:57:39', 11, 0),
(379, '2019-03-09 14:58:00', 11, 0),
(380, '2019-03-09 14:58:21', 11, 0),
(381, '2019-03-09 15:00:39', 11, 0),
(382, '2019-03-09 15:01:10', 11, 0),
(383, '2019-03-09 15:01:57', 11, 0),
(384, '2019-03-09 15:07:36', 11, 0),
(385, '2019-03-09 15:11:44', 11, 0),
(386, '2019-03-09 15:12:35', 11, 0),
(387, '2019-03-09 15:14:35', 11, 0),
(388, '2019-03-09 15:14:53', 11, 0),
(389, '2019-03-09 15:16:00', 11, 0),
(390, '2019-03-09 15:16:52', 11, 0),
(391, '2019-03-09 15:21:03', 11, 0),
(392, '2019-03-09 15:23:24', 11, 0),
(393, '2019-03-09 15:23:57', 11, 0),
(394, '2019-03-09 15:24:12', 11, 0),
(395, '2019-03-09 15:27:14', 11, 0),
(396, '2019-03-09 15:28:35', 11, 0),
(397, '2019-03-09 15:29:06', 11, 0),
(398, '2019-03-09 15:30:00', 11, 0),
(399, '2019-03-09 15:30:31', 11, 1),
(400, '2019-03-09 15:37:29', 11, 0),
(401, '2019-03-09 15:39:02', 11, 1),
(402, '2019-03-09 15:41:06', 11, 1),
(403, '2019-03-10 02:56:05', 11, 1),
(404, '2019-03-10 03:01:51', 11, 0),
(405, '2019-03-10 03:02:15', 11, 0),
(406, '2019-03-10 03:02:32', 11, 0),
(407, '2019-03-10 03:02:55', 11, 0),
(408, '2019-03-10 03:04:23', 11, 1),
(409, '2019-03-10 03:06:49', 11, 1),
(410, '2019-03-10 03:10:15', 11, 1),
(411, '2019-03-10 03:11:04', 11, 1),
(412, '2019-03-10 03:13:33', 11, 1),
(413, '2019-03-11 14:17:28', 11, 0),
(414, '2019-03-11 14:51:04', 11, 0),
(415, '2019-03-11 14:53:20', 11, 0),
(416, '2019-03-11 14:54:26', 11, 0),
(417, '2019-03-11 14:58:24', 11, 0),
(418, '2019-03-11 14:59:25', 11, 1),
(419, '2019-03-11 15:04:09', 11, 0),
(420, '2019-03-11 15:06:41', 11, 0),
(421, '2019-03-11 15:08:09', 11, 0),
(422, '2019-03-11 15:10:09', 11, 0),
(423, '2019-03-11 15:12:15', 11, 0),
(424, '2019-03-11 15:12:40', 11, 0),
(425, '2019-03-11 15:13:12', 11, 0),
(426, '2019-03-11 15:13:49', 11, 0),
(427, '2019-03-11 15:14:11', 11, 0),
(428, '2019-03-11 15:14:41', 11, 0),
(429, '2019-03-11 15:14:56', 11, 0),
(430, '2019-03-11 15:15:04', 11, 0),
(431, '2019-03-11 15:15:35', 11, 0),
(432, '2019-03-11 15:15:55', 11, 0),
(433, '2019-03-11 15:16:19', 11, 0),
(434, '2019-03-11 15:16:34', 11, 0),
(435, '2019-03-11 15:17:23', 11, 0),
(436, '2019-03-11 15:17:53', 11, 0),
(437, '2019-03-11 15:18:10', 11, 0),
(438, '2019-03-11 15:18:55', 11, 0),
(439, '2019-03-11 15:19:29', 11, 0),
(440, '2019-03-11 15:20:43', 11, 0),
(441, '2019-03-11 15:21:24', 11, 0),
(442, '2019-03-11 15:22:02', 11, 0),
(443, '2019-03-11 15:22:10', 11, 0),
(444, '2019-03-11 15:22:31', 11, 0),
(445, '2019-03-11 15:22:41', 11, 0),
(446, '2019-03-11 15:22:50', 11, 0),
(447, '2019-03-11 15:24:26', 11, 0),
(448, '2019-03-11 15:25:59', 11, 0),
(449, '2019-03-11 15:26:29', 11, 0),
(450, '2019-03-11 15:27:15', 11, 0),
(451, '2019-03-11 15:29:06', 11, 0),
(452, '2019-03-11 15:30:41', 11, 0),
(453, '2019-03-11 15:31:17', 11, 0),
(454, '2019-03-11 15:31:38', 11, 0),
(455, '2019-03-11 15:33:23', 11, 1),
(456, '2019-03-11 15:34:11', 11, 1),
(457, '2019-03-11 15:34:56', 11, 1),
(458, '2019-03-11 15:36:03', 11, 1),
(459, '2019-03-11 15:37:50', 11, 1),
(460, '2019-03-11 15:39:05', 11, 1),
(461, '2019-03-11 15:39:53', 11, 0),
(462, '2019-03-11 15:42:26', 11, 0),
(463, '2019-03-11 15:49:30', 11, 1),
(464, '2019-03-11 15:50:33', 11, 0),
(465, '2019-03-11 15:51:23', 11, 1),
(466, '2019-03-11 15:53:16', 11, 1),
(467, '2019-03-11 15:54:50', 11, 1),
(468, '2019-03-11 16:31:11', 11, 1),
(469, '2019-03-12 00:16:12', 11, 0),
(470, '2019-03-12 00:19:08', 11, 0),
(471, '2019-03-12 00:19:53', 11, 0),
(472, '2019-03-12 00:22:53', 11, 0),
(473, '2019-03-12 00:25:10', 11, 1),
(474, '2019-03-12 00:35:15', 11, 0),
(475, '2019-03-12 00:44:13', 11, 0),
(476, '2019-03-12 00:47:38', 3, 0),
(477, '2019-03-12 00:47:44', 3, 0),
(478, '2019-03-12 01:00:22', 11, 0);

-- --------------------------------------------------------

--
-- Table structure for table `penjualan_detail`
--

CREATE TABLE `penjualan_detail` (
  `penjualan_detail_id` int(11) NOT NULL,
  `barang_id` varchar(10) NOT NULL,
  `jumlah` int(11) NOT NULL,
  `penjualan_id` int(11) NOT NULL
) ENGINE=MyISAM DEFAULT CHARSET=latin1;

--
-- Dumping data for table `penjualan_detail`
--

INSERT INTO `penjualan_detail` (`penjualan_detail_id`, `barang_id`, `jumlah`, `penjualan_id`) VALUES
(51, 'a', 3, 156),
(50, 'a', 1, 155),
(52, 'k001', 90, 156),
(49, 'k002', 8, 154),
(48, 'a', 1, 154),
(47, 'b', 4, 149),
(46, 'a', 5, 149),
(45, 'k001', 9, 10),
(43, 'k001', 2, 10),
(42, 'k001', 9, 10),
(41, 'k001', 2, 10),
(53, 'k001', 5, 179),
(54, 'k002', 5, 199),
(55, 'k001', 5, 225),
(56, 'k002', 4, 225),
(57, 'k002', 4, 225),
(58, 'k002', 4, 226),
(59, 'k001', 9, 226),
(60, 'k001', 5, 226),
(61, 'k001', 5, 226),
(62, 'k001', 2, 226),
(63, 'k001', 9, 226),
(64, 'a', 1, 227),
(65, 'b', 5, 227),
(66, 'a', 5, 228),
(67, 'b', 8, 228),
(68, 'a', 6, 230),
(69, 'k001', 2, 0),
(70, 'k001', 5, 232),
(71, 'k002', 5, 232),
(72, 'k002', 1, 234),
(73, 'a', 5, 234),
(74, '', 0, 0),
(75, 'a', 5, 239),
(76, 'a', 5, 240),
(77, 'a', 1, 241),
(78, 'k002', 5, 248),
(79, 'a', 6, 248),
(80, 'a', 5, 272),
(81, 'b', 6, 272),
(82, 'k001', 9, 272),
(83, 'a', 2, 384),
(84, 'b', 10, 384),
(85, 'a', 5, 399),
(86, 'b', 10, 399),
(87, 'a', 2, 401),
(88, 'k001', 6, 401),
(89, 'a', 5, 402),
(90, 'k001', 2, 402),
(91, 'a', 5, 403),
(92, 'b', 6, 403),
(93, 'k001', 5, 403),
(94, 'a', 5, 403),
(95, 'k001', 6, 403),
(96, 'k001', 9, 403),
(97, 'k001', 9, 403),
(98, 'k001', 9, 403),
(99, 'k001', 69, 403),
(100, 'a', 5, 438),
(101, 'k001', 5, 463),
(102, 'a', 2, 463),
(103, 'k001', 2, 465),
(104, 'k002', 6, 465),
(105, 'k002', 5, 466),
(106, 'k001', 1, 466),
(107, 'k001', 3, 467),
(108, 'k002', 5, 467),
(109, 'a', 9, 467),
(110, 'b', 5, 467),
(111, 'k001', 6, 468),
(112, 'k001', 9, 468),
(113, 'a', 5, 473),
(114, 'b', 10, 473),
(115, '', 0, 0),
(116, '', 0, 0),
(117, '', 0, 0),
(118, 'b', 5, 474),
(119, 'a', 5, 475),
(120, 'a', 5, 478);

--
-- Indexes for dumped tables
--

--
-- Indexes for table `barang`
--
ALTER TABLE `barang`
  ADD PRIMARY KEY (`barang_id`);

--
-- Indexes for table `kasir`
--
ALTER TABLE `kasir`
  ADD PRIMARY KEY (`username`);

--
-- Indexes for table `kategori`
--
ALTER TABLE `kategori`
  ADD PRIMARY KEY (`kategori_id`);

--
-- Indexes for table `penjualan`
--
ALTER TABLE `penjualan`
  ADD PRIMARY KEY (`penjualan_id`);

--
-- Indexes for table `penjualan_detail`
--
ALTER TABLE `penjualan_detail`
  ADD PRIMARY KEY (`penjualan_detail_id`);

--
-- AUTO_INCREMENT for dumped tables
--

--
-- AUTO_INCREMENT for table `kategori`
--
ALTER TABLE `kategori`
  MODIFY `kategori_id` int(11) NOT NULL AUTO_INCREMENT;

--
-- AUTO_INCREMENT for table `penjualan`
--
ALTER TABLE `penjualan`
  MODIFY `penjualan_id` int(11) NOT NULL AUTO_INCREMENT, AUTO_INCREMENT=479;

--
-- AUTO_INCREMENT for table `penjualan_detail`
--
ALTER TABLE `penjualan_detail`
  MODIFY `penjualan_detail_id` int(11) NOT NULL AUTO_INCREMENT, AUTO_INCREMENT=121;
COMMIT;

/*!40101 SET CHARACTER_SET_CLIENT=@OLD_CHARACTER_SET_CLIENT */;
/*!40101 SET CHARACTER_SET_RESULTS=@OLD_CHARACTER_SET_RESULTS */;
/*!40101 SET COLLATION_CONNECTION=@OLD_COLLATION_CONNECTION */;
